,0
0,NA1_4105161570
1,NA1_4102755048
2,NA1_4102698148
3,NA1_4102111080
4,NA1_4100394991
5,NA1_4100318158
6,NA1_4100320175
7,NA1_4099830482
8,NA1_4098755304
9,NA1_4098737422
10,NA1_4098742051
11,NA1_4098623140
12,NA1_4098608600
13,NA1_4098575608
14,NA1_4098098411
15,NA1_4098101532
16,NA1_4097436607
17,NA1_4097423346
18,NA1_4097059192
19,NA1_4097062976
20,NA1_4096947088
21,NA1_4096931143
22,NA1_4096863992
23,NA1_4096797996
24,NA1_4096831866
25,NA1_4096167379
26,NA1_4095668393
27,NA1_4095495598
28,NA1_4094999431
29,NA1_4095033671
30,NA1_4095010828
31,NA1_4094916229
32,NA1_4094919771
33,NA1_4094844989
34,NA1_4094769191
35,NA1_4094823509
36,NA1_4092934698
37,NA1_4092848057
38,NA1_4092600266
39,NA1_4092557286
40,NA1_4092580567
41,NA1_4092166027
42,NA1_4092135340
43,NA1_4091820664
44,NA1_4091797560
45,NA1_4091677486
46,NA1_4091661151
47,NA1_4091604599
48,NA1_4091474975
49,NA1_4091510401
50,NA1_4091434839
51,NA1_4091460858
52,NA1_4091379056
53,NA1_4091328792
54,NA1_4091296564
55,NA1_4091069275
56,NA1_4091117526
57,NA1_4090654615
58,NA1_4090525086
59,NA1_4090500649
60,NA1_4090218905
61,NA1_4089658531
62,NA1_4089637182
63,NA1_4089596747
64,NA1_4089584122
65,NA1_4089286411
66,NA1_4089283914
67,NA1_4089012576
68,NA1_4088792961
69,NA1_4088766914
70,NA1_4088774623
71,NA1_4088699671
72,NA1_4088679813
73,NA1_4088596741
74,NA1_4088559732
75,NA1_4088573581
76,NA1_4088464192
77,NA1_4088436352
78,NA1_4087942669
79,NA1_4087858194
80,NA1_4087716854
81,NA1_4087722686
82,NA1_4087657612
83,NA1_4087623414
84,NA1_4087558546
85,NA1_4087536510
86,NA1_4087550661
87,NA1_4087466190
88,NA1_4086821521
89,NA1_4086696447
90,NA1_4086667030
91,NA1_4086662377
92,NA1_4086526471
93,NA1_4086503057
94,NA1_4086479846
95,NA1_4086415377
96,NA1_4086411318
97,NA1_4086367103
98,NA1_4086391786
99,NA1_4085677326
100,NA1_4104430484
101,NA1_4104416561
102,NA1_4104404255
103,NA1_4102029508
104,NA1_4096017482
105,NA1_4095479092
106,NA1_4095471585
107,NA1_4095135230
108,NA1_4090895949
109,NA1_4090808821
110,NA1_4090773402
111,NA1_4090768899
112,NA1_4089556790
113,NA1_4089274592
114,NA1_4089231965
115,NA1_4089158110
116,NA1_4089174122
117,NA1_4086410675
118,NA1_4083749844
119,NA1_4083733936
120,NA1_4082116440
121,NA1_4082091625
122,NA1_4082034911
123,NA1_4078702803
124,NA1_4078048994
125,NA1_4078053433
126,NA1_4077966496
127,NA1_4075952397
128,NA1_4075919745
129,NA1_4075835613
130,NA1_4075830525
131,NA1_4075805436
132,NA1_4071841756
133,NA1_4071365288
134,NA1_4069949925
135,NA1_4069924228
136,NA1_4069144697
137,NA1_4069120949
138,NA1_4066131123
139,NA1_4065769790
140,NA1_4065684447
141,NA1_4065656548
142,NA1_4065161672
143,NA1_4065077888
144,NA1_4065053594
145,NA1_4065060068
146,NA1_4065006034
147,NA1_4063995126
148,NA1_4062016702
149,NA1_4062011078
150,NA1_4061936186
151,NA1_4061951382
152,NA1_4061886096
153,NA1_4061881157
154,NA1_4061755944
155,NA1_4061727735
156,NA1_4061723931
157,NA1_4061317478
158,NA1_4061322354
159,NA1_4061257004
160,NA1_4061205178
161,NA1_4061168511
162,NA1_4061164354
163,NA1_4061117117
164,NA1_4061063072
165,NA1_4060209366
166,NA1_4060156291
167,NA1_4059175478
168,NA1_4059229782
169,NA1_4059145933
170,NA1_4059151697
171,NA1_4059078451
172,NA1_4059090678
173,NA1_4058986753
174,NA1_4058972666
175,NA1_4058906519
176,NA1_4058931646
177,NA1_4055083037
178,NA1_4054127563
179,NA1_4054071948
180,NA1_4050373319
181,NA1_4049853746
182,NA1_4049821282
183,NA1_4049798420
184,NA1_4049744426
185,NA1_4049791543
186,NA1_4038867270
187,NA1_4038850395
188,NA1_4036954000
189,NA1_4036607807
190,NA1_4036590137
191,NA1_4036544577
192,NA1_4036468723
193,NA1_4035778078
194,NA1_4022034005
195,NA1_4022015126
196,NA1_4021919421
197,NA1_4021421013
198,NA1_4021399856
199,NA1_4021357810
200,NA1_4105183630
201,NA1_4103856273
202,NA1_4102928779
203,NA1_4101003927
204,NA1_4100406435
205,NA1_4099202900
206,NA1_4097829312
207,NA1_4096898696
208,NA1_4094530677
209,NA1_4090988090
210,NA1_4091045085
211,NA1_4083247995
212,NA1_4080891513
213,NA1_4080137104
214,NA1_4080098918
215,NA1_4080075246
216,NA1_4079939046
217,NA1_4079793949
218,NA1_4079727232
219,NA1_4079722296
220,NA1_4079096657
221,NA1_4079082184
222,NA1_4078896517
223,NA1_4078238973
224,NA1_4078275859
225,NA1_4078252976
226,NA1_4076685154
227,NA1_4076684891
228,NA1_4076734449
229,NA1_4077735473
230,NA1_4077371814
231,NA1_4076952937
232,NA1_4076179599
233,NA1_4076166163
234,NA1_4076200606
235,NA1_4076125516
236,NA1_4076119838
237,NA1_4075621426
238,NA1_4075242608
239,NA1_4075159022
240,NA1_4075131666
241,NA1_4071423747
242,NA1_4071049865
243,NA1_4070479029
244,NA1_4070455063
245,NA1_4070441436
246,NA1_4070396361
247,NA1_4070231996
248,NA1_4070179375
249,NA1_4070196282
250,NA1_4069666115
251,NA1_4065083409
252,NA1_4063270632
253,NA1_4061822844
254,NA1_4060570221
255,NA1_4060556575
256,NA1_4060544782
257,NA1_4058187456
258,NA1_4055660962
259,NA1_4055559287
260,NA1_4053862597
261,NA1_4053004323
262,NA1_4052472663
263,NA1_4052238280
264,NA1_4051944005
265,NA1_4050622013
266,NA1_4050290482
267,NA1_4050244241
268,NA1_4049173293
269,NA1_4049106578
270,NA1_4048468164
271,NA1_4046451125
272,NA1_4045425892
273,NA1_4044242183
274,NA1_4044158639
275,NA1_4043347114
276,NA1_4042953302
277,NA1_4042899692
278,NA1_4041799039
279,NA1_4041755122
280,NA1_4041770248
281,NA1_4041743405
282,NA1_4040956248
283,NA1_4040165200
284,NA1_4040128967
285,NA1_4040116995
286,NA1_4040121219
287,NA1_4040026050
288,NA1_4039336388
289,NA1_4038830684
290,NA1_4038724242
291,NA1_4038382261
292,NA1_4035876105
293,NA1_4035113406
294,NA1_4035085977
295,NA1_4035060537
296,NA1_4035023140
297,NA1_4032557389
298,NA1_4032525365
299,NA1_4030950205
300,NA1_4103233961
301,NA1_4103169273
302,NA1_4103185452
303,NA1_4103213549
304,NA1_4103163511
305,NA1_4103161755
306,NA1_4103160229
307,NA1_4103126743
308,NA1_4103153140
309,NA1_4103091167
310,NA1_4103029050
311,NA1_4103033774
312,NA1_4102967924
313,NA1_4102952689
314,NA1_4102895055
315,NA1_4102867103
316,NA1_4102820212
317,NA1_4102791854
318,NA1_4102672445
319,NA1_4102607541
320,NA1_4102598898
321,NA1_4102564473
322,NA1_4102397153
323,NA1_4101627834
324,NA1_4101639888
325,NA1_4101553674
326,NA1_4101541931
327,NA1_4101475592
328,NA1_4101461026
329,NA1_4101384241
330,NA1_4101336769
331,NA1_4101312368
332,NA1_4101203525
333,NA1_4101185545
334,NA1_4101171120
335,NA1_4101069066
336,NA1_4101083731
337,NA1_4101111871
338,NA1_4100993930
339,NA1_4100989804
340,NA1_4100276635
341,NA1_4100222165
342,NA1_4100204464
343,NA1_4100139558
344,NA1_4100101303
345,NA1_4099893938
346,NA1_4099761685
347,NA1_4099677550
348,NA1_4099723936
349,NA1_4099060747
350,NA1_4098995228
351,NA1_4098918613
352,NA1_4098940470
353,NA1_4098845133
354,NA1_4098789643
355,NA1_4098763560
356,NA1_4098738053
357,NA1_4098714184
358,NA1_4098620850
359,NA1_4098576953
360,NA1_4098592412
361,NA1_4097879197
362,NA1_4097489092
363,NA1_4097447095
364,NA1_4097482845
365,NA1_4097161182
366,NA1_4097075625
367,NA1_4097070305
368,NA1_4097046840
369,NA1_4097052103
370,NA1_4096944042
371,NA1_4096915196
372,NA1_4096833964
373,NA1_4096753689
374,NA1_4096705421
375,NA1_4096349548
376,NA1_4096392053
377,NA1_4096264827
378,NA1_4096217167
379,NA1_4096145692
380,NA1_4095704752
381,NA1_4095689749
382,NA1_4095612278
383,NA1_4095545692
384,NA1_4095589955
385,NA1_4095464632
386,NA1_4095437747
387,NA1_4095389268
388,NA1_4095364924
389,NA1_4095307365
390,NA1_4095197115
391,NA1_4094942479
392,NA1_4094766495
393,NA1_4094812674
394,NA1_4094810186
395,NA1_4094745562
396,NA1_4094194602
397,NA1_4093834432
398,NA1_4093779855
399,NA1_4093765583
400,NA1_4104795777
401,NA1_4104783121
402,NA1_4104765524
403,NA1_4104712204
404,NA1_4104664582
405,NA1_4104640339
406,NA1_4104601529
407,NA1_4104547273
408,NA1_4104544762
409,NA1_4104552434
410,NA1_4104420261
411,NA1_4104377492
412,NA1_4104374606
413,NA1_4104400994
414,NA1_4104068983
415,NA1_4104012231
416,NA1_4103962650
417,NA1_4103923524
418,NA1_4103736615
419,NA1_4103731242
420,NA1_4103715109
421,NA1_4103597729
422,NA1_4103590453
423,NA1_4103562829
424,NA1_4103488877
425,NA1_4103482395
426,NA1_4103426788
427,NA1_4102915161
428,NA1_4102880763
429,NA1_4102843552
430,NA1_4102797786
431,NA1_4101997249
432,NA1_4102003806
433,NA1_4101991356
434,NA1_4101471406
435,NA1_4101343730
436,NA1_4100983035
437,NA1_4100961400
438,NA1_4100898470
439,NA1_4100913416
440,NA1_4100869859
441,NA1_4100806414
442,NA1_4100422185
443,NA1_4100295762
444,NA1_4100249016
445,NA1_4100232907
446,NA1_4100171331
447,NA1_4100125229
448,NA1_4099984308
449,NA1_4099938649
450,NA1_4099883375
451,NA1_4099880137
452,NA1_4099817012
453,NA1_4099853164
454,NA1_4099783461
455,NA1_4099522827
456,NA1_4099469796
457,NA1_4099101657
458,NA1_4099052602
459,NA1_4099014515
460,NA1_4098970665
461,NA1_4098844071
462,NA1_4098047724
463,NA1_4098022872
464,NA1_4097953710
465,NA1_4097837006
466,NA1_4097546173
467,NA1_4097543036
468,NA1_4097449256
469,NA1_4097456936
470,NA1_4097471524
471,NA1_4097409081
472,NA1_4097357331
473,NA1_4097066216
474,NA1_4096707213
475,NA1_4096425044
476,NA1_4096268636
477,NA1_4096282140
478,NA1_4096178530
479,NA1_4096193770
480,NA1_4096130595
481,NA1_4096036125
482,NA1_4095979496
483,NA1_4096015160
484,NA1_4095383639
485,NA1_4095156688
486,NA1_4095121926
487,NA1_4095019040
488,NA1_4095002585
489,NA1_4094915188
490,NA1_4094959735
491,NA1_4094054225
492,NA1_4094001117
493,NA1_4093927587
494,NA1_4093858164
495,NA1_4093862259
496,NA1_4093718941
497,NA1_4092851617
498,NA1_4092742405
499,NA1_4092617704
500,NA1_4102405754
501,NA1_4102269296
502,NA1_4102255308
503,NA1_4102118865
504,NA1_4101694106
505,NA1_4101658912
506,NA1_4101663646
507,NA1_4101587709
508,NA1_4101572086
509,NA1_4099616270
510,NA1_4099615200
511,NA1_4099602823
512,NA1_4099529635
513,NA1_4099487240
514,NA1_4099512794
515,NA1_4099256070
516,NA1_4098949379
517,NA1_4098903319
518,NA1_4098835088
519,NA1_4098777696
520,NA1_4098801828
521,NA1_4098725376
522,NA1_4098712332
523,NA1_4098638820
524,NA1_4094439075
525,NA1_4094414841
526,NA1_4094405038
527,NA1_4091698135
528,NA1_4087980190
529,NA1_4087889233
530,NA1_4087894627
531,NA1_4087858194
532,NA1_4087779427
533,NA1_4086918136
534,NA1_4086858031
535,NA1_4086913886
536,NA1_4086819320
537,NA1_4086824448
538,NA1_4086821348
539,NA1_4086716886
540,NA1_4086692670
541,NA1_4086637135
542,NA1_4086024683
543,NA1_4085909650
544,NA1_4085165402
545,NA1_4085192108
546,NA1_4085180571
547,NA1_4085116654
548,NA1_4085113757
549,NA1_4084845487
550,NA1_4084767947
551,NA1_4084716466
552,NA1_4084760883
553,NA1_4081055939
554,NA1_4081039869
555,NA1_4080985172
556,NA1_4080982018
557,NA1_4080888024
558,NA1_4080884475
559,NA1_4080839341
560,NA1_4080819848
561,NA1_4080782370
562,NA1_4080176022
563,NA1_4080132059
564,NA1_4080095773
565,NA1_4077430727
566,NA1_4077108915
567,NA1_4077153151
568,NA1_4077068551
569,NA1_4073431229
570,NA1_4073307297
571,NA1_4073350330
572,NA1_4073244086
573,NA1_4073187945
574,NA1_4073222789
575,NA1_4068070078
576,NA1_4067997564
577,NA1_4067936109
578,NA1_4067921610
579,NA1_4067728587
580,NA1_4067714184
581,NA1_4067694326
582,NA1_4067651015
583,NA1_4067566901
584,NA1_4067594045
585,NA1_4067529403
586,NA1_4066455860
587,NA1_4066254834
588,NA1_4066292560
589,NA1_4066129185
590,NA1_4066076552
591,NA1_4066102073
592,NA1_4065876344
593,NA1_4060026216
594,NA1_4058746891
595,NA1_4058780730
596,NA1_4058679370
597,NA1_4058675165
598,NA1_4058672021
599,NA1_4058657016
600,NA1_4105323023
601,NA1_4102958695
602,NA1_4101323577
603,NA1_4101290601
604,NA1_4101224741
605,NA1_4101198892
606,NA1_4101112467
607,NA1_4100049212
608,NA1_4100040481
609,NA1_4098898536
610,NA1_4098940409
611,NA1_4098608600
612,NA1_4098586038
613,NA1_4098519659
614,NA1_4096709479
615,NA1_4096201409
616,NA1_4096156679
617,NA1_4096121572
618,NA1_4093872249
619,NA1_4093788226
620,NA1_4092651091
621,NA1_4092548204
622,NA1_4092575472
623,NA1_4092581464
624,NA1_4092458879
625,NA1_4092024358
626,NA1_4092001038
627,NA1_4091493232
628,NA1_4091458842
629,NA1_4090999999
630,NA1_4090602698
631,NA1_4090493225
632,NA1_4090445210
633,NA1_4089586590
634,NA1_4089083378
635,NA1_4089089870
636,NA1_4088681989
637,NA1_4088292739
638,NA1_4088240540
639,NA1_4088183931
640,NA1_4087993266
641,NA1_4088011469
642,NA1_4087980848
643,NA1_4087874311
644,NA1_4087599399
645,NA1_4087482286
646,NA1_4087437735
647,NA1_4087414310
648,NA1_4087421006
649,NA1_4086379503
650,NA1_4086395892
651,NA1_4086363479
652,NA1_4086349793
653,NA1_4085929458
654,NA1_4085803605
655,NA1_4085737046
656,NA1_4085560659
657,NA1_4085457715
658,NA1_4085481264
659,NA1_4085426416
660,NA1_4085365333
661,NA1_4084972794
662,NA1_4084923409
663,NA1_4084823629
664,NA1_4084516608
665,NA1_4084375474
666,NA1_4084392159
667,NA1_4084307223
668,NA1_4083966682
669,NA1_4084012398
670,NA1_4083957132
671,NA1_4083786067
672,NA1_4083692468
673,NA1_4083609505
674,NA1_4083596241
675,NA1_4083409102
676,NA1_4083407269
677,NA1_4083153919
678,NA1_4083119150
679,NA1_4083085371
680,NA1_4083070721
681,NA1_4082970887
682,NA1_4082850507
683,NA1_4082805025
684,NA1_4082663300
685,NA1_4082329332
686,NA1_4082296333
687,NA1_4082179455
688,NA1_4082202691
689,NA1_4081921013
690,NA1_4081829894
691,NA1_4081624973
692,NA1_4081547460
693,NA1_4081525192
694,NA1_4081541502
695,NA1_4080808823
696,NA1_4080804821
697,NA1_4080227172
698,NA1_4080191775
699,NA1_4080144184
700,NA1_4098653360
701,NA1_4098559657
702,NA1_4098583780
703,NA1_4097657658
704,NA1_4097592231
705,NA1_4097511807
706,NA1_4097458663
707,NA1_4097425301
708,NA1_4096702000
709,NA1_4096111089
710,NA1_4095690045
711,NA1_4095645857
712,NA1_4095640792
713,NA1_4095406011
714,NA1_4095349173
715,NA1_4095350052
716,NA1_4095284627
717,NA1_4095229171
718,NA1_4095213588
719,NA1_4095127458
720,NA1_4091524277
721,NA1_4091364277
722,NA1_4091381165
723,NA1_4090873999
724,NA1_4090732449
725,NA1_4090695903
726,NA1_4090337320
727,NA1_4090334258
728,NA1_4090252970
729,NA1_4089412455
730,NA1_4089289324
731,NA1_4089301463
732,NA1_4089226557
733,NA1_4089233959
734,NA1_4089207845
735,NA1_4089164674
736,NA1_4089109495
737,NA1_4089095569
738,NA1_4089007069
739,NA1_4089012576
740,NA1_4088953254
741,NA1_4088487662
742,NA1_4088463563
743,NA1_4088322854
744,NA1_4088164599
745,NA1_4085599920
746,NA1_4085564874
747,NA1_4085532080
748,NA1_4085458419
749,NA1_4085454824
750,NA1_4085419208
751,NA1_4085367761
752,NA1_4085414121
753,NA1_4084811223
754,NA1_4084429062
755,NA1_4084317895
756,NA1_4084295563
757,NA1_4084283920
758,NA1_4083727484
759,NA1_4083683477
760,NA1_4083676809
761,NA1_4083436819
762,NA1_4082782745
763,NA1_4082747777
764,NA1_4082712624
765,NA1_4082659508
766,NA1_4082627019
767,NA1_4082605229
768,NA1_4082061279
769,NA1_4081568953
770,NA1_4081576586
771,NA1_4081500220
772,NA1_4078760511
773,NA1_4078693766
774,NA1_4078589717
775,NA1_4078561580
776,NA1_4078489136
777,NA1_4077998793
778,NA1_4077982457
779,NA1_4077681915
780,NA1_4076859714
781,NA1_4075821805
782,NA1_4075815853
783,NA1_4075773885
784,NA1_4075676258
785,NA1_4075608255
786,NA1_4075211910
787,NA1_4075162307
788,NA1_4074848409
789,NA1_4072255057
790,NA1_4072249473
791,NA1_4072244605
792,NA1_4072231228
793,NA1_4072176210
794,NA1_4072130369
795,NA1_4072067944
796,NA1_4072082668
797,NA1_4072080047
798,NA1_4072003048
799,NA1_4072001885
800,NA1_4104586928
801,NA1_4099581592
802,NA1_4099507209
803,NA1_4099455504
804,NA1_4099129170
805,NA1_4098840436
806,NA1_4098785383
807,NA1_4095654308
808,NA1_4093620118
809,NA1_4093408872
810,NA1_4093357560
811,NA1_4093394842
812,NA1_4092804603
813,NA1_4092468187
814,NA1_4092045697
815,NA1_4085977696
816,NA1_4084063965
817,NA1_4084041934
818,NA1_4083988792
819,NA1_4084025354
820,NA1_4083981325
821,NA1_4083949760
822,NA1_4083843341
823,NA1_4083786452
824,NA1_4083226939
825,NA1_4083254952
826,NA1_4082946906
827,NA1_4082839642
828,NA1_4082795359
829,NA1_4082254332
830,NA1_4078005890
831,NA1_4077867747
832,NA1_4077854270
833,NA1_4077832564
834,NA1_4077756354
835,NA1_4077782932
836,NA1_4077163107
837,NA1_4077140132
838,NA1_4074936807
839,NA1_4074028424
840,NA1_4074035862
841,NA1_4074013762
842,NA1_4072239855
843,NA1_4072117491
844,NA1_4072024526
845,NA1_4071526881
846,NA1_4071542986
847,NA1_4071500581
848,NA1_4071012883
849,NA1_4070238340
850,NA1_4069220620
851,NA1_4068130276
852,NA1_4068113070
853,NA1_4064659633
854,NA1_4064646128
855,NA1_4064375671
856,NA1_4064345038
857,NA1_4063208753
858,NA1_4061491952
859,NA1_4058230423
860,NA1_4058165596
861,NA1_4057515272
862,NA1_4057493954
863,NA1_4057466971
864,NA1_4057327707
865,NA1_4057331799
866,NA1_4057228409
867,NA1_4056931050
868,NA1_4055537419
869,NA1_4055544915
870,NA1_4055395743
871,NA1_4055422885
872,NA1_4055327641
873,NA1_4055353658
874,NA1_4055275484
875,NA1_4055250102
876,NA1_4053697393
877,NA1_4051177029
878,NA1_4050352328
879,NA1_4050291425
880,NA1_4050289485
881,NA1_4049756988
882,NA1_4048120864
883,NA1_4048074112
884,NA1_4048010449
885,NA1_4047976342
886,NA1_4047936090
887,NA1_4047961883
888,NA1_4047889528
889,NA1_4047877617
890,NA1_4047844277
891,NA1_4047819432
892,NA1_4047683129
893,NA1_4046518462
894,NA1_4046546414
895,NA1_4046524871
896,NA1_4046513147
897,NA1_4046449245
898,NA1_4046485846
899,NA1_4045262524
900,NA1_4105225530
901,NA1_4105039723
902,NA1_4103086390
903,NA1_4103075308
904,NA1_4103071730
905,NA1_4102977464
906,NA1_4103011155
907,NA1_4102914649
908,NA1_4101258352
909,NA1_4101223095
910,NA1_4101168292
911,NA1_4101182426
912,NA1_4101126842
913,NA1_4101083691
914,NA1_4101111871
915,NA1_4101080283
916,NA1_4101053555
917,NA1_4101050890
918,NA1_4100947317
919,NA1_4100924421
920,NA1_4100879549
921,NA1_4100887197
922,NA1_4100643803
923,NA1_4100637737
924,NA1_4100584883
925,NA1_4100526463
926,NA1_4100510134
927,NA1_4100444480
928,NA1_4099518925
929,NA1_4099505399
930,NA1_4099491585
931,NA1_4099257011
932,NA1_4099261594
933,NA1_4099174765
934,NA1_4099098347
935,NA1_4098164644
936,NA1_4098109337
937,NA1_4097528261
938,NA1_4097536173
939,NA1_4097513324
940,NA1_4097202288
941,NA1_4097140633
942,NA1_4097132463
943,NA1_4095655418
944,NA1_4095622846
945,NA1_4095596248
946,NA1_4093366130
947,NA1_4093285976
948,NA1_4093196142
949,NA1_4093233712
950,NA1_4093210493
951,NA1_4093116005
952,NA1_4093122421
953,NA1_4093058583
954,NA1_4093033314
955,NA1_4093002249
956,NA1_4092907699
957,NA1_4092134189
958,NA1_4092160914
959,NA1_4092069694
960,NA1_4092086928
961,NA1_4092074265
962,NA1_4092051061
963,NA1_4092016508
964,NA1_4091064455
965,NA1_4091110139
966,NA1_4091035593
967,NA1_4090991309
968,NA1_4090955452
969,NA1_4090869265
970,NA1_4090880449
971,NA1_4090201827
972,NA1_4090201613
973,NA1_4090191101
974,NA1_4089595698
975,NA1_4088791443
976,NA1_4088723173
977,NA1_4087950312
978,NA1_4086041908
979,NA1_4085968796
980,NA1_4085883549
981,NA1_4085850357
982,NA1_4085535548
983,NA1_4085468731
984,NA1_4085150116
985,NA1_4085145355
986,NA1_4085120059
987,NA1_4085052885
988,NA1_4085006342
989,NA1_4084942943
990,NA1_4084926814
991,NA1_4084874241
992,NA1_4084041729
993,NA1_4083899477
994,NA1_4083241818
995,NA1_4083220587
996,NA1_4083059448
997,NA1_4082993369
998,NA1_4082967093
999,NA1_4082932982
1000,NA1_4099451526
1001,NA1_4098408644
1002,NA1_4094846701
1003,NA1_4094805519
1004,NA1_4094379385
1005,NA1_4094344220
1006,NA1_4094324703
1007,NA1_4094238132
1008,NA1_4094252563
1009,NA1_4094195741
1010,NA1_4094150944
1011,NA1_4094084994
1012,NA1_4094038880
1013,NA1_4092686086
1014,NA1_4091906261
1015,NA1_4091400035
1016,NA1_4091376706
1017,NA1_4091333621
1018,NA1_4091287839
1019,NA1_4091274909
1020,NA1_4090765023
1021,NA1_4090622728
1022,NA1_4089459615
1023,NA1_4089472120
1024,NA1_4089256180
1025,NA1_4089159047
1026,NA1_4088367837
1027,NA1_4088093471
1028,NA1_4088090745
1029,NA1_4088047400
1030,NA1_4087852717
1031,NA1_4087776752
1032,NA1_4087791757
1033,NA1_4087727505
1034,NA1_4087613881
1035,NA1_4087557933
1036,NA1_4087592833
1037,NA1_4087498550
1038,NA1_4087474937
1039,NA1_4087510791
1040,NA1_4086857592
1041,NA1_4086933402
1042,NA1_4086921365
1043,NA1_4086778766
1044,NA1_4085632072
1045,NA1_4085570803
1046,NA1_4085536510
1047,NA1_4084947621
1048,NA1_4084899487
1049,NA1_4084933190
1050,NA1_4084407524
1051,NA1_4084424784
1052,NA1_4084253310
1053,NA1_4083598239
1054,NA1_4083582633
1055,NA1_4082555811
1056,NA1_4082493916
1057,NA1_4082549783
1058,NA1_4081564395
1059,NA1_4081550901
1060,NA1_4080524105
1061,NA1_4080501029
1062,NA1_4080438534
1063,NA1_4080272078
1064,NA1_4080218137
1065,NA1_4080234095
1066,NA1_4080220497
1067,NA1_4080112969
1068,NA1_4080085863
1069,NA1_4080054185
1070,NA1_4079997817
1071,NA1_4079924506
1072,NA1_4079875787
1073,NA1_4079578718
1074,NA1_4079558096
1075,NA1_4079554974
1076,NA1_4079485111
1077,NA1_4078651048
1078,NA1_4078605996
1079,NA1_4078575288
1080,NA1_4078180388
1081,NA1_4078125415
1082,NA1_4078130297
1083,NA1_4078008466
1084,NA1_4077626115
1085,NA1_4077624365
1086,NA1_4077631882
1087,NA1_4077117270
1088,NA1_4077048774
1089,NA1_4075958168
1090,NA1_4075329495
1091,NA1_4075275645
1092,NA1_4075260568
1093,NA1_4075240605
1094,NA1_4075053388
1095,NA1_4074216161
1096,NA1_4073886044
1097,NA1_4073901836
1098,NA1_4073870975
1099,NA1_4073738814
1100,NA1_4104888736
1101,NA1_4104565643
1102,NA1_4104621607
1103,NA1_4104273537
1104,NA1_4104250043
1105,NA1_4104187926
1106,NA1_4104145925
1107,NA1_4104143453
1108,NA1_4104007462
1109,NA1_4104004126
1110,NA1_4103987379
1111,NA1_4103960633
1112,NA1_4103926188
1113,NA1_4101557860
1114,NA1_4101507918
1115,NA1_4101532545
1116,NA1_4101467782
1117,NA1_4100731284
1118,NA1_4100698230
1119,NA1_4099645761
1120,NA1_4099594228
1121,NA1_4099610970
1122,NA1_4099459370
1123,NA1_4099098347
1124,NA1_4099032856
1125,NA1_4098984524
1126,NA1_4098811893
1127,NA1_4098738053
1128,NA1_4098714184
1129,NA1_4098739967
1130,NA1_4098657096
1131,NA1_4098662037
1132,NA1_4098608110
1133,NA1_4098248070
1134,NA1_4098225341
1135,NA1_4098231172
1136,NA1_4098137808
1137,NA1_4098141940
1138,NA1_4097611665
1139,NA1_4097519532
1140,NA1_4096242918
1141,NA1_4096218551
1142,NA1_4096195619
1143,NA1_4093287313
1144,NA1_4093306925
1145,NA1_4093306677
1146,NA1_4091462947
1147,NA1_4091379324
1148,NA1_4089192929
1149,NA1_4089128946
1150,NA1_4089104602
1151,NA1_4089131003
1152,NA1_4088681800
1153,NA1_4088364883
1154,NA1_4086762632
1155,NA1_4086941748
1156,NA1_4087181178
1157,NA1_4085532080
1158,NA1_4085488278
1159,NA1_4085492359
1160,NA1_4085440122
1161,NA1_4084305764
1162,NA1_4084037041
1163,NA1_4082817726
1164,NA1_4081274831
1165,NA1_4081244140
1166,NA1_4081232239
1167,NA1_4081217871
1168,NA1_4080874554
1169,NA1_4080799044
1170,NA1_4080782370
1171,NA1_4080135023
1172,NA1_4080068543
1173,NA1_4078560040
1174,NA1_4074527214
1175,NA1_4074550663
1176,NA1_4074416409
1177,NA1_4073381447
1178,NA1_4073362206
1179,NA1_4073256200
1180,NA1_4073227741
1181,NA1_4073212040
1182,NA1_4073125498
1183,NA1_4071227414
1184,NA1_4071226978
1185,NA1_4073010067
1186,NA1_4072946109
1187,NA1_4072942245
1188,NA1_4071234109
1189,NA1_4071214086
1190,NA1_4072124679
1191,NA1_4071840278
1192,NA1_4071797033
1193,NA1_4071823862
1194,NA1_4071771317
1195,NA1_4071754872
1196,NA1_4071026006
1197,NA1_4071032744
1198,NA1_4071019837
1199,NA1_4070830158
1200,NA1_4101682598
1201,NA1_4101630677
1202,NA1_4101615441
1203,NA1_4098944074
1204,NA1_4095370806
1205,NA1_4095282823
1206,NA1_4095236439
1207,NA1_4095138893
1208,NA1_4092853584
1209,NA1_4092784277
1210,NA1_4089315303
1211,NA1_4089277919
1212,NA1_4089224176
1213,NA1_4089240175
1214,NA1_4089196163
1215,NA1_4089202012
1216,NA1_4089151536
1217,NA1_4088532401
1218,NA1_4088409564
1219,NA1_4082123591
1220,NA1_4082017932
1221,NA1_4082001578
1222,NA1_4079966083
1223,NA1_4079914365
1224,NA1_4079920281
1225,NA1_4079847822
1226,NA1_4079861676
1227,NA1_4079807350
1228,NA1_4078193699
1229,NA1_4074521595
1230,NA1_4074485512
1231,NA1_4074440636
1232,NA1_4074382338
1233,NA1_4074315066
1234,NA1_4074243248
1235,NA1_4074220897
1236,NA1_4074176545
1237,NA1_4074120918
1238,NA1_4073844820
1239,NA1_4073842470
1240,NA1_4073759155
1241,NA1_4072926914
1242,NA1_4072934321
1243,NA1_4072921974
1244,NA1_4072834723
1245,NA1_4072579804
1246,NA1_4072485944
1247,NA1_4072462032
1248,NA1_4072417514
1249,NA1_4072411853
1250,NA1_4072377989
1251,NA1_4072332284
1252,NA1_4069395740
1253,NA1_4069123870
1254,NA1_4069048718
1255,NA1_4065202064
1256,NA1_4065210729
1257,NA1_4065190493
1258,NA1_4065169254
1259,NA1_4064909548
1260,NA1_4064905344
1261,NA1_4064386013
1262,NA1_4063332124
1263,NA1_4063311869
1264,NA1_4063320392
1265,NA1_4063109331
1266,NA1_4063094075
1267,NA1_4063047750
1268,NA1_4063033315
1269,NA1_4062143967
1270,NA1_4062048632
1271,NA1_4062055031
1272,NA1_4061088438
1273,NA1_4060517863
1274,NA1_4060507305
1275,NA1_4060506414
1276,NA1_4060467764
1277,NA1_4060474948
1278,NA1_4060443200
1279,NA1_4060388680
1280,NA1_4060376427
1281,NA1_4060410757
1282,NA1_4060379775
1283,NA1_4060231646
1284,NA1_4058777082
1285,NA1_4058737327
1286,NA1_4056451628
1287,NA1_4056438360
1288,NA1_4056427125
1289,NA1_4056406728
1290,NA1_4056375384
1291,NA1_4055973144
1292,NA1_4055918827
1293,NA1_4055942781
1294,NA1_4054629948
1295,NA1_4054557815
1296,NA1_4054564361
1297,NA1_4054425714
1298,NA1_4054423115
1299,NA1_4054440164
1300,NA1_4104901232
1301,NA1_4104795777
1302,NA1_4104800359
1303,NA1_4104668758
1304,NA1_4104663822
1305,NA1_4104617745
1306,NA1_4104584464
1307,NA1_4104581549
1308,NA1_4104531999
1309,NA1_4104148089
1310,NA1_4103999923
1311,NA1_4103979814
1312,NA1_4103904012
1313,NA1_4103856273
1314,NA1_4103779510
1315,NA1_4103695486
1316,NA1_4103670890
1317,NA1_4103079481
1318,NA1_4103065315
1319,NA1_4103030174
1320,NA1_4102966830
1321,NA1_4102916506
1322,NA1_4102901335
1323,NA1_4102859893
1324,NA1_4102745181
1325,NA1_4102769766
1326,NA1_4102645205
1327,NA1_4102589457
1328,NA1_4102535897
1329,NA1_4102259020
1330,NA1_4102262152
1331,NA1_4102078024
1332,NA1_4101731775
1333,NA1_4101646993
1334,NA1_4101620970
1335,NA1_4101592203
1336,NA1_4101534235
1337,NA1_4101467782
1338,NA1_4101383360
1339,NA1_4101279505
1340,NA1_4101292260
1341,NA1_4101226604
1342,NA1_4101222748
1343,NA1_4101156431
1344,NA1_4101080482
1345,NA1_4100998198
1346,NA1_4100993005
1347,NA1_4100967277
1348,NA1_4100925588
1349,NA1_4100665144
1350,NA1_4100670339
1351,NA1_4100577508
1352,NA1_4100610613
1353,NA1_4100544221
1354,NA1_4100479268
1355,NA1_4100472750
1356,NA1_4100426945
1357,NA1_4100360680
1358,NA1_4100313229
1359,NA1_4100225667
1360,NA1_4100188376
1361,NA1_4100173881
1362,NA1_4099887200
1363,NA1_4099523439
1364,NA1_4099105026
1365,NA1_4099038240
1366,NA1_4099070993
1367,NA1_4098982545
1368,NA1_4098927373
1369,NA1_4098858680
1370,NA1_4098842449
1371,NA1_4098766033
1372,NA1_4098713864
1373,NA1_4098556323
1374,NA1_4098570239
1375,NA1_4098216186
1376,NA1_4098231042
1377,NA1_4098143209
1378,NA1_4098075672
1379,NA1_4097999664
1380,NA1_4098012468
1381,NA1_4097953911
1382,NA1_4097865711
1383,NA1_4097890041
1384,NA1_4097794568
1385,NA1_4097779776
1386,NA1_4097732285
1387,NA1_4097201144
1388,NA1_4097128595
1389,NA1_4097113136
1390,NA1_4097067631
1391,NA1_4096938965
1392,NA1_4096424233
1393,NA1_4096108663
1394,NA1_4096103734
1395,NA1_4095599242
1396,NA1_4095478818
1397,NA1_4095489925
1398,NA1_4095430565
1399,NA1_4095333859
1400,NA1_4104258258
1401,NA1_4104250043
1402,NA1_4099841312
1403,NA1_4099810560
1404,NA1_4099777929
1405,NA1_4099776226
1406,NA1_4099735220
1407,NA1_4099761837
1408,NA1_4099698405
1409,NA1_4099706674
1410,NA1_4099695474
1411,NA1_4098962009
1412,NA1_4097751992
1413,NA1_4097649369
1414,NA1_4097670111
1415,NA1_4091434839
1416,NA1_4089528446
1417,NA1_4089217596
1418,NA1_4089242030
1419,NA1_4089149038
1420,NA1_4089139290
1421,NA1_4089100871
1422,NA1_4089018700
1423,NA1_4089059928
1424,NA1_4088699671
1425,NA1_4088685069
1426,NA1_4088679813
1427,NA1_4088179828
1428,NA1_4088080763
1429,NA1_4088060696
1430,NA1_4083997835
1431,NA1_4079493007
1432,NA1_4079025923
1433,NA1_4079002732
1434,NA1_4078918420
1435,NA1_4078865581
1436,NA1_4078892045
1437,NA1_4078786879
1438,NA1_4078606577
1439,NA1_4078574336
1440,NA1_4078590229
1441,NA1_4078049628
1442,NA1_4078052201
1443,NA1_4078006786
1444,NA1_4078000949
1445,NA1_4077823501
1446,NA1_4077737167
1447,NA1_4077719111
1448,NA1_4077479896
1449,NA1_4077387200
1450,NA1_4077383250
1451,NA1_4077339529
1452,NA1_4077321157
1453,NA1_4075692263
1454,NA1_4073907764
1455,NA1_4072793941
1456,NA1_4072467054
1457,NA1_4071026103
1458,NA1_4071040545
1459,NA1_4070718275
1460,NA1_4070714118
1461,NA1_4070285240
1462,NA1_4070272817
1463,NA1_4070205844
1464,NA1_4070147663
1465,NA1_4069143614
1466,NA1_4069039702
1467,NA1_4065875351
1468,NA1_4065901533
1469,NA1_4065236953
1470,NA1_4062626046
1471,NA1_4062641057
1472,NA1_4062499062
1473,NA1_4062457443
1474,NA1_4062261386
1475,NA1_4062250315
1476,NA1_4061322354
1477,NA1_4061117117
1478,NA1_4057619553
1479,NA1_4057618691
1480,NA1_4056532157
1481,NA1_4056559789
1482,NA1_4056530646
1483,NA1_4056154456
1484,NA1_4055575126
1485,NA1_4055573495
1486,NA1_4055327647
1487,NA1_4055195094
1488,NA1_4051251054
1489,NA1_4051168353
1490,NA1_4048448580
1491,NA1_4048435869
1492,NA1_4048461816
1493,NA1_4048399810
1494,NA1_4048335387
1495,NA1_4047930236
1496,NA1_4047886504
1497,NA1_4047893821
1498,NA1_4047891295
1499,NA1_4047809695
1500,NA1_4104720128
1501,NA1_4104636424
1502,NA1_4104472142
1503,NA1_4103726236
1504,NA1_4103665843
1505,NA1_4103401345
1506,NA1_4103318341
1507,NA1_4103324016
1508,NA1_4102804087
1509,NA1_4102678339
1510,NA1_4102561960
1511,NA1_4101179679
1512,NA1_4101162174
1513,NA1_4100991058
1514,NA1_4100906149
1515,NA1_4100132238
1516,NA1_4100078092
1517,NA1_4099933236
1518,NA1_4099890187
1519,NA1_4099807891
1520,NA1_4099853994
1521,NA1_4096408635
1522,NA1_4096408350
1523,NA1_4096408010
1524,NA1_4098579875
1525,NA1_4098510949
1526,NA1_4098407201
1527,NA1_4098462187
1528,NA1_4097965460
1529,NA1_4097941614
1530,NA1_4095978989
1531,NA1_4095958306
1532,NA1_4095173203
1533,NA1_4094922150
1534,NA1_4094848004
1535,NA1_4094871491
1536,NA1_4094823509
1537,NA1_4093928443
1538,NA1_4093963385
1539,NA1_4093871771
1540,NA1_4091303013
1541,NA1_4091280680
1542,NA1_4090760716
1543,NA1_4090687234
1544,NA1_4090324619
1545,NA1_4090322245
1546,NA1_4090219099
1547,NA1_4089350268
1548,NA1_4089324341
1549,NA1_4089148804
1550,NA1_4089201866
1551,NA1_4089089052
1552,NA1_4089049128
1553,NA1_4088176988
1554,NA1_4088164599
1555,NA1_4087497857
1556,NA1_4087310980
1557,NA1_4087177011
1558,NA1_4086630356
1559,NA1_4086557730
1560,NA1_4086499696
1561,NA1_4086513960
1562,NA1_4086456436
1563,NA1_4086432166
1564,NA1_4086419855
1565,NA1_4086376820
1566,NA1_4086360418
1567,NA1_4086286060
1568,NA1_4085686022
1569,NA1_4085524684
1570,NA1_4085559744
1571,NA1_4085443545
1572,NA1_4085460276
1573,NA1_4085406104
1574,NA1_4085384301
1575,NA1_4082730488
1576,NA1_4080965489
1577,NA1_4080669945
1578,NA1_4080547048
1579,NA1_4080544499
1580,NA1_4079809675
1581,NA1_4079786946
1582,NA1_4075709995
1583,NA1_4075657827
1584,NA1_4075558931
1585,NA1_4075127299
1586,NA1_4075181357
1587,NA1_4074951431
1588,NA1_4074869014
1589,NA1_4073068817
1590,NA1_4073052054
1591,NA1_4071025962
1592,NA1_4071012776
1593,NA1_4070314066
1594,NA1_4069602074
1595,NA1_4069576528
1596,NA1_4069572867
1597,NA1_4069507041
1598,NA1_4069455872
1599,NA1_4069473085
1600,NA1_4103100821
1601,NA1_4102907224
1602,NA1_4102923907
1603,NA1_4102891781
1604,NA1_4102877581
1605,NA1_4101782251
1606,NA1_4101686498
1607,NA1_4101684685
1608,NA1_4098904405
1609,NA1_4098849479
1610,NA1_4098884611
1611,NA1_4098851202
1612,NA1_4098817272
1613,NA1_4098763989
1614,NA1_4098709535
1615,NA1_4098725811
1616,NA1_4098703355
1617,NA1_4097863449
1618,NA1_4096781427
1619,NA1_4096646463
1620,NA1_4095625587
1621,NA1_4095499695
1622,NA1_4095235238
1623,NA1_4095192002
1624,NA1_4095149309
1625,NA1_4094510148
1626,NA1_4094424043
1627,NA1_4094237729
1628,NA1_4094254219
1629,NA1_4094185287
1630,NA1_4094190843
1631,NA1_4094109350
1632,NA1_4094105415
1633,NA1_4093197313
1634,NA1_4093234971
1635,NA1_4091897446
1636,NA1_4090752849
1637,NA1_4089427803
1638,NA1_4089481531
1639,NA1_4089397860
1640,NA1_4089262079
1641,NA1_4088373976
1642,NA1_4087944316
1643,NA1_4087900568
1644,NA1_4085877609
1645,NA1_4085182717
1646,NA1_4085181265
1647,NA1_4085064531
1648,NA1_4084046107
1649,NA1_4084035501
1650,NA1_4083954476
1651,NA1_4083940835
1652,NA1_4083561323
1653,NA1_4083497310
1654,NA1_4081240171
1655,NA1_4081187993
1656,NA1_4081224767
1657,NA1_4081184040
1658,NA1_4080223977
1659,NA1_4080178978
1660,NA1_4080152977
1661,NA1_4080069062
1662,NA1_4080084533
1663,NA1_4079735594
1664,NA1_4079702427
1665,NA1_4079687534
1666,NA1_4079625432
1667,NA1_4079470791
1668,NA1_4079410433
1669,NA1_4079388081
1670,NA1_4079396507
1671,NA1_4078668496
1672,NA1_4078519704
1673,NA1_4078536237
1674,NA1_4078340459
1675,NA1_4078289188
1676,NA1_4078268716
1677,NA1_4078277186
1678,NA1_4078275040
1679,NA1_4078251925
1680,NA1_4078217070
1681,NA1_4077806701
1682,NA1_4077844636
1683,NA1_4076925096
1684,NA1_4076287365
1685,NA1_4075951605
1686,NA1_4075878774
1687,NA1_4075824675
1688,NA1_4075789146
1689,NA1_4075786913
1690,NA1_4075551745
1691,NA1_4075326994
1692,NA1_4075304055
1693,NA1_4075270797
1694,NA1_4075213560
1695,NA1_4075039034
1696,NA1_4074853267
1697,NA1_4074607464
1698,NA1_4074183407
1699,NA1_4074150146
1700,NA1_4104185991
1701,NA1_4104200390
1702,NA1_4104096033
1703,NA1_4104092209
1704,NA1_4104036004
1705,NA1_4103986279
1706,NA1_4103931304
1707,NA1_4103866327
1708,NA1_4103828998
1709,NA1_4103505347
1710,NA1_4102955933
1711,NA1_4102960437
1712,NA1_4102925104
1713,NA1_4102920897
1714,NA1_4102862451
1715,NA1_4102754674
1716,NA1_4102717205
1717,NA1_4102700997
1718,NA1_4102636285
1719,NA1_4102578589
1720,NA1_4102555460
1721,NA1_4102236234
1722,NA1_4102310856
1723,NA1_4102068324
1724,NA1_4102054420
1725,NA1_4101711209
1726,NA1_4101636184
1727,NA1_4101621501
1728,NA1_4101592834
1729,NA1_4101527076
1730,NA1_4101459641
1731,NA1_4101378090
1732,NA1_4101384069
1733,NA1_4101071000
1734,NA1_4101026755
1735,NA1_4101004890
1736,NA1_4100975530
1737,NA1_4100560085
1738,NA1_4100435437
1739,NA1_4100388465
1740,NA1_4100393053
1741,NA1_4100316300
1742,NA1_4100284779
1743,NA1_4100075239
1744,NA1_4100060341
1745,NA1_4099985795
1746,NA1_4099991579
1747,NA1_4099888664
1748,NA1_4099885550
1749,NA1_4099890641
1750,NA1_4099217046
1751,NA1_4099211563
1752,NA1_4098473585
1753,NA1_4074439305
1754,NA1_4074382217
1755,NA1_4074350481
1756,NA1_4065016762
1757,NA1_4064253528
1758,NA1_4062177579
1759,NA1_4062136971
1760,NA1_4062123404
1761,NA1_4060381543
1762,NA1_3785828683
1763,NA1_4097490553
1764,NA1_4093808287
1765,NA1_4093833307
1766,NA1_4093768216
1767,NA1_4090629178
1768,NA1_4089188726
1769,NA1_4089193629
1770,NA1_4087693039
1771,NA1_4086556069
1772,NA1_4086590604
1773,NA1_4084361958
1774,NA1_4083414256
1775,NA1_4082611510
1776,NA1_4081631007
1777,NA1_4081546837
1778,NA1_4081544462
1779,NA1_4081540559
1780,NA1_4081477063
1781,NA1_4081473634
1782,NA1_4075675716
1783,NA1_4074848186
1784,NA1_4073994369
1785,NA1_4072859238
1786,NA1_4072121839
1787,NA1_4070973111
1788,NA1_4070346556
1789,NA1_4070303279
1790,NA1_4068352813
1791,NA1_4067434997
1792,NA1_4067481187
1793,NA1_4065502994
1794,NA1_4064903037
1795,NA1_4063909933
1796,NA1_4063806956
1797,NA1_4063804527
1798,NA1_4060769999
1799,NA1_4059488927
1800,NA1_4058667076
1801,NA1_4058108940
1802,NA1_4058043304
1803,NA1_4057987541
1804,NA1_4057967928
1805,NA1_4057925899
1806,NA1_4057922246
1807,NA1_4057876673
1808,NA1_4056211374
1809,NA1_4056115621
1810,NA1_4050914989
1811,NA1_4050848456
1812,NA1_4049134518
1813,NA1_4045697512
1814,NA1_4045447779
1815,NA1_4045393071
1816,NA1_4045362915
1817,NA1_4045307434
1818,NA1_4041624646
1819,NA1_4040933223
1820,NA1_4040898920
1821,NA1_4038348858
1822,NA1_4038355650
1823,NA1_4036742203
1824,NA1_4034580078
1825,NA1_4034395572
1826,NA1_4032830750
1827,NA1_4031550008
1828,NA1_4031485538
1829,NA1_4030770213
1830,NA1_4028823107
1831,NA1_4027721101
1832,NA1_4026530758
1833,NA1_4025991084
1834,NA1_4024875684
1835,NA1_4023894195
1836,NA1_4023279811
1837,NA1_4023243539
1838,NA1_4017421804
1839,NA1_4017387125
1840,NA1_4015795358
1841,NA1_4015776712
1842,NA1_4013378186
1843,NA1_4012357555
1844,NA1_4011335615
1845,NA1_4011320278
1846,NA1_4011283307
1847,NA1_4008159956
1848,NA1_4006779256
1849,NA1_4005912658
1850,NA1_4005031541
1851,NA1_4004917831
1852,NA1_4004839572
1853,NA1_4004861992
1854,NA1_4000902847
1855,NA1_4000863474
1856,NA1_4000779434
1857,NA1_4000751675
1858,NA1_3996308016
1859,NA1_3996321937
1860,NA1_3996219696
1861,NA1_3996225162
1862,NA1_3994988929
1863,NA1_4104561331
1864,NA1_4104498537
1865,NA1_4104504554
1866,NA1_4104531150
1867,NA1_4104439145
1868,NA1_4104484262
1869,NA1_4104422953
1870,NA1_4103830913
1871,NA1_4103762338
1872,NA1_4103675902
1873,NA1_4103619260
1874,NA1_4103489066
1875,NA1_4103494654
1876,NA1_4103393988
1877,NA1_4103308297
1878,NA1_4103333809
1879,NA1_4102124939
1880,NA1_4102054008
1881,NA1_4102028862
1882,NA1_4101987998
1883,NA1_4102022865
1884,NA1_4101989824
1885,NA1_4101906799
1886,NA1_4101135354
1887,NA1_4101131401
1888,NA1_4101124054
1889,NA1_4101020505
1890,NA1_4100967246
1891,NA1_4100953944
1892,NA1_4100896683
1893,NA1_4100903465
1894,NA1_4100197787
1895,NA1_4100200211
1896,NA1_4100114726
1897,NA1_4099937276
1898,NA1_4099871953
1899,NA1_4099818548
1900,NA1_4099844083
1901,NA1_4099739695
1902,NA1_4099775808
1903,NA1_4098567826
1904,NA1_4098584138
1905,NA1_4098471644
1906,NA1_4098428341
1907,NA1_4097512224
1908,NA1_4097487437
1909,NA1_4097425280
1910,NA1_4095057298
1911,NA1_4095092173
1912,NA1_4094878058
1913,NA1_4094883935
1914,NA1_4094769550
1915,NA1_4092611753
1916,NA1_4092546624
1917,NA1_4092522354
1918,NA1_4092477020
1919,NA1_4092429228
1920,NA1_4092394004
1921,NA1_4091620737
1922,NA1_4091594765
1923,NA1_4091478991
1924,NA1_4091533740
1925,NA1_4091499962
1926,NA1_4091405213
1927,NA1_4091349782
1928,NA1_4091296564
1929,NA1_4091264339
1930,NA1_4091258097
1931,NA1_4090292954
1932,NA1_4090311026
1933,NA1_4090219518
1934,NA1_4085292760
1935,NA1_4085300687
1936,NA1_4084549938
1937,NA1_4084407024
1938,NA1_4084393496
1939,NA1_4084263372
1940,NA1_4084290345
1941,NA1_4084217531
1942,NA1_4084175363
1943,NA1_4084170804
1944,NA1_4084166817
1945,NA1_4084165229
1946,NA1_4084114716
1947,NA1_4083301962
1948,NA1_4083300417
1949,NA1_4083248447
1950,NA1_4083225348
1951,NA1_4082483360
1952,NA1_4081366947
1953,NA1_4081315943
1954,NA1_4081343519
1955,NA1_4081341987
1956,NA1_4081265057
1957,NA1_4081253673
1958,NA1_4081241437
1959,NA1_4081169355
1960,NA1_4081205430
1961,NA1_4081211993
1962,NA1_4080390762
1963,NA1_4104460049
1964,NA1_4103685102
1965,NA1_4103504268
1966,NA1_4103451402
1967,NA1_4103170934
1968,NA1_4103137491
1969,NA1_4103135068
1970,NA1_4103141925
1971,NA1_4103058410
1972,NA1_4103075380
1973,NA1_4103032883
1974,NA1_4102987721
1975,NA1_4102993258
1976,NA1_4102942719
1977,NA1_4102839411
1978,NA1_4102813937
1979,NA1_4102805993
1980,NA1_4102686005
1981,NA1_4102629532
1982,NA1_4102661120
1983,NA1_4102536449
1984,NA1_4102531835
1985,NA1_4102455153
1986,NA1_4102029508
1987,NA1_4102016278
1988,NA1_4101714233
1989,NA1_4101668809
1990,NA1_4101670437
1991,NA1_4101553674
1992,NA1_4101550534
1993,NA1_4101532545
1994,NA1_4101392619
1995,NA1_4101196358
1996,NA1_4101162289
1997,NA1_4101122692
1998,NA1_4101058059
1999,NA1_4100995773
2000,NA1_4100990917
2001,NA1_4100974356
2002,NA1_4100101303
2003,NA1_4100056934
2004,NA1_4100032054
2005,NA1_4099968189
2006,NA1_4099937276
2007,NA1_4099904464
2008,NA1_4099931179
2009,NA1_4099836780
2010,NA1_4099814641
2011,NA1_4099840505
2012,NA1_4099110454
2013,NA1_4099094485
2014,NA1_4098968218
2015,NA1_4098899585
2016,NA1_4098663218
2017,NA1_4098545342
2018,NA1_4098590283
2019,NA1_4098489925
2020,NA1_4098423459
2021,NA1_4097900518
2022,NA1_4097833805
2023,NA1_4097768884
2024,NA1_4097735981
2025,NA1_4097711319
2026,NA1_4097635512
2027,NA1_4097548996
2028,NA1_4097507484
2029,NA1_4097523798
2030,NA1_4097488585
2031,NA1_4096217167
2032,NA1_4096193770
2033,NA1_4096108039
2034,NA1_4096114364
2035,NA1_4096077774
2036,NA1_4095985972
2037,NA1_4096011063
2038,NA1_4093515278
2039,NA1_4093345247
2040,NA1_4093315359
2041,NA1_4093244824
2042,NA1_4093434514
2043,NA1_4094411625
2044,NA1_4094357925
2045,NA1_4094345251
2046,NA1_4094361899
2047,NA1_4094317809
2048,NA1_4093945763
2049,NA1_4093932749
2050,NA1_4093875232
2051,NA1_4093180868
2052,NA1_4093180632
2053,NA1_4093180472
2054,NA1_4092820409
2055,NA1_4092774472
2056,NA1_4092679359
2057,NA1_4090147726
2058,NA1_4090147357
2059,NA1_4090177064
2060,NA1_4092418951
2061,NA1_4092385719
2062,NA1_4092401808
2063,NA1_4102122834
2064,NA1_4102036936
2065,NA1_4101517538
2066,NA1_4101531293
2067,NA1_4101119410
2068,NA1_4101114500
2069,NA1_4101039623
2070,NA1_4100114974
2071,NA1_4100120868
2072,NA1_4100027480
2073,NA1_4097926040
2074,NA1_4097756665
2075,NA1_4097731940
2076,NA1_4096785345
2077,NA1_4096102322
2078,NA1_4094213096
2079,NA1_4094154231
2080,NA1_4094030158
2081,NA1_4092896703
2082,NA1_4092754534
2083,NA1_4092389368
2084,NA1_4090910695
2085,NA1_4090877545
2086,NA1_4090864539
2087,NA1_4090890533
2088,NA1_4090807443
2089,NA1_4090784011
2090,NA1_4088487650
2091,NA1_4088490973
2092,NA1_4088417447
2093,NA1_4088414936
2094,NA1_4087850643
2095,NA1_4087748039
2096,NA1_4086821288
2097,NA1_4086562657
2098,NA1_4086454891
2099,NA1_4086407484
2100,NA1_4086371139
2101,NA1_4086287251
2102,NA1_4086331781
2103,NA1_4085304079
2104,NA1_4085049683
2105,NA1_4085017783
2106,NA1_4085044348
2107,NA1_4085049753
2108,NA1_4084944290
2109,NA1_4084940296
2110,NA1_4084252904
2111,NA1_4083943849
2112,NA1_4083939759
2113,NA1_4083855172
2114,NA1_4083850077
2115,NA1_4083638387
2116,NA1_4083661893
2117,NA1_4083094674
2118,NA1_4082910228
2119,NA1_4082176594
2120,NA1_4082171370
2121,NA1_4082114448
2122,NA1_4078372594
2123,NA1_4076071074
2124,NA1_4076045141
2125,NA1_4075939390
2126,NA1_4075905437
2127,NA1_4075823495
2128,NA1_4075816077
2129,NA1_4075793225
2130,NA1_4075709533
2131,NA1_4075346490
2132,NA1_4075363083
2133,NA1_4075266302
2134,NA1_4074486348
2135,NA1_4074058122
2136,NA1_4073431308
2137,NA1_4073316140
2138,NA1_4073320798
2139,NA1_4073262847
2140,NA1_4073214892
2141,NA1_4072484540
2142,NA1_4072500774
2143,NA1_4072429073
2144,NA1_4072396253
2145,NA1_4071669190
2146,NA1_4069924211
2147,NA1_4069807559
2148,NA1_4069800858
2149,NA1_4069748178
2150,NA1_4069794348
2151,NA1_4069067199
2152,NA1_4069071660
2153,NA1_4068456190
2154,NA1_4068454476
2155,NA1_4067661475
2156,NA1_4067134576
2157,NA1_4067083341
2158,NA1_4067071044
2159,NA1_4066980784
2160,NA1_4066295041
2161,NA1_4066273892
2162,NA1_4066232887
2163,NA1_4102584582
2164,NA1_4102541445
2165,NA1_4102436466
2166,NA1_4102402505
2167,NA1_4102430108
2168,NA1_4096301909
2169,NA1_4095229933
2170,NA1_4094124049
2171,NA1_4093995643
2172,NA1_4091001862
2173,NA1_4090963761
2174,NA1_4090477733
2175,NA1_4087459819
2176,NA1_4086459586
2177,NA1_4085207490
2178,NA1_4082636074
2179,NA1_4081479030
2180,NA1_4081496183
2181,NA1_4081492772
2182,NA1_4081500549
2183,NA1_4081398811
2184,NA1_4081376855
2185,NA1_4080500888
2186,NA1_4080216633
2187,NA1_4080240217
2188,NA1_4080059135
2189,NA1_4065192322
2190,NA1_4065181473
2191,NA1_4065190401
2192,NA1_4065178301
2193,NA1_4065127453
2194,NA1_4065115264
2195,NA1_4063873080
2196,NA1_4063734508
2197,NA1_4063771517
2198,NA1_4061918499
2199,NA1_4061934029
2200,NA1_4061910314
2201,NA1_4061885426
2202,NA1_4061841799
2203,NA1_4060293264
2204,NA1_4058887496
2205,NA1_4058882624
2206,NA1_4058859867
2207,NA1_4058804682
2208,NA1_4058772389
2209,NA1_4058689000
2210,NA1_4058732187
2211,NA1_4058659152
2212,NA1_4058628333
2213,NA1_4058383313
2214,NA1_4058305276
2215,NA1_4058314357
2216,NA1_4058290865
2217,NA1_4057659899
2218,NA1_4057556239
2219,NA1_4057583750
2220,NA1_4057552415
2221,NA1_4056496147
2222,NA1_4054503554
2223,NA1_4053311223
2224,NA1_4053257275
2225,NA1_4053232948
2226,NA1_4053218681
2227,NA1_4051988405
2228,NA1_4052031941
2229,NA1_4051250455
2230,NA1_4051167735
2231,NA1_4051135226
2232,NA1_4051119385
2233,NA1_4050870521
2234,NA1_4050786648
2235,NA1_4050133407
2236,NA1_4049192544
2237,NA1_4049158713
2238,NA1_4049136514
2239,NA1_4049089958
2240,NA1_4048996155
2241,NA1_4048972913
2242,NA1_4048947157
2243,NA1_4048941908
2244,NA1_4048520832
2245,NA1_4048468258
2246,NA1_4048418298
2247,NA1_4048406760
2248,NA1_4044733824
2249,NA1_4041030814
2250,NA1_4039867041
2251,NA1_4036673950
2252,NA1_4036646489
2253,NA1_4036641282
2254,NA1_4036448673
2255,NA1_4036445783
2256,NA1_4036491466
2257,NA1_4036046850
2258,NA1_4036070186
2259,NA1_4036007006
2260,NA1_4035984238
2261,NA1_4035972577
2262,NA1_4035928391
2263,NA1_4100342563
2264,NA1_4099836474
2265,NA1_4099035763
2266,NA1_4099026091
2267,NA1_4098838015
2268,NA1_4098809829
2269,NA1_4098600328
2270,NA1_4097454441
2271,NA1_4096093821
2272,NA1_4096023245
2273,NA1_4095286730
2274,NA1_4095203336
2275,NA1_4095156688
2276,NA1_4094769462
2277,NA1_4094816987
2278,NA1_4094785383
2279,NA1_4094293838
2280,NA1_4094058262
2281,NA1_4092458512
2282,NA1_4091980027
2283,NA1_4091926974
2284,NA1_4091911735
2285,NA1_4091876561
2286,NA1_4091665239
2287,NA1_4091577199
2288,NA1_4091537114
2289,NA1_4090895404
2290,NA1_4090842036
2291,NA1_4090703134
2292,NA1_4089507985
2293,NA1_4089524266
2294,NA1_4089511765
2295,NA1_4089129242
2296,NA1_4088310192
2297,NA1_4088247822
2298,NA1_4087883597
2299,NA1_4087612434
2300,NA1_4087402201
2301,NA1_4087348361
2302,NA1_4087315695
2303,NA1_4087360114
2304,NA1_4086781504
2305,NA1_4086746653
2306,NA1_4086731961
2307,NA1_4086645788
2308,NA1_4086588420
2309,NA1_4086554926
2310,NA1_4086501509
2311,NA1_4086374205
2312,NA1_4086308375
2313,NA1_4086293856
2314,NA1_4086280724
2315,NA1_4086216126
2316,NA1_4086233210
2317,NA1_4086240154
2318,NA1_4086156894
2319,NA1_4085856326
2320,NA1_4085881910
2321,NA1_4085797455
2322,NA1_4085792682
2323,NA1_4085486149
2324,NA1_4085381515
2325,NA1_4085339085
2326,NA1_4085336528
2327,NA1_4085099340
2328,NA1_4085135790
2329,NA1_4085131987
2330,NA1_4085075804
2331,NA1_4085052428
2332,NA1_4084948234
2333,NA1_4084974127
2334,NA1_4084935141
2335,NA1_4084829774
2336,NA1_4084725265
2337,NA1_4084518558
2338,NA1_4084515280
2339,NA1_4084559876
2340,NA1_4084367471
2341,NA1_4084329930
2342,NA1_4084305634
2343,NA1_4084311295
2344,NA1_4083872371
2345,NA1_4083796922
2346,NA1_4083105593
2347,NA1_4082891599
2348,NA1_4082602413
2349,NA1_4082256469
2350,NA1_4082213396
2351,NA1_4082204489
2352,NA1_4082017513
2353,NA1_4082061110
2354,NA1_4081635575
2355,NA1_4081566451
2356,NA1_4081222267
2357,NA1_4081147547
2358,NA1_4081020619
2359,NA1_4081004665
2360,NA1_4080971554
2361,NA1_4080908233
2362,NA1_4080170037
2363,NA1_4105441395
2364,NA1_4105319040
2365,NA1_4105295909
2366,NA1_4104629557
2367,NA1_4104626966
2368,NA1_4104562621
2369,NA1_4104498542
2370,NA1_4104534782
2371,NA1_4104503754
2372,NA1_4104476056
2373,NA1_4104463295
2374,NA1_4104440582
2375,NA1_4104429748
2376,NA1_4104367919
2377,NA1_4104188711
2378,NA1_4104177090
2379,NA1_4104153970
2380,NA1_4104140168
2381,NA1_4104122765
2382,NA1_4104019192
2383,NA1_4104034666
2384,NA1_4104031069
2385,NA1_4103877130
2386,NA1_4103741437
2387,NA1_4103685281
2388,NA1_4103680431
2389,NA1_4103602474
2390,NA1_4103468783
2391,NA1_4103484463
2392,NA1_4103500811
2393,NA1_4103412095
2394,NA1_4103370313
2395,NA1_4103335973
2396,NA1_4102696972
2397,NA1_4102730387
2398,NA1_4102606947
2399,NA1_4102601567
2400,NA1_4102596334
2401,NA1_4099043405
2402,NA1_4098962009
2403,NA1_4098923318
2404,NA1_4098826745
2405,NA1_4097963396
2406,NA1_4097896532
2407,NA1_4097819206
2408,NA1_4097813510
2409,NA1_4097726086
2410,NA1_4097719818
2411,NA1_4097674150
2412,NA1_4097629791
2413,NA1_4097614590
2414,NA1_4097171464
2415,NA1_4097097569
2416,NA1_4097104275
2417,NA1_4097070773
2418,NA1_4097006058
2419,NA1_4097039897
2420,NA1_4096923429
2421,NA1_4096829507
2422,NA1_4096854165
2423,NA1_4096788426
2424,NA1_4095738040
2425,NA1_4095676249
2426,NA1_4095453556
2427,NA1_4095421242
2428,NA1_4094274987
2429,NA1_4094270924
2430,NA1_4094216535
2431,NA1_4094200991
2432,NA1_4094129759
2433,NA1_4094095923
2434,NA1_4094073247
2435,NA1_4094029140
2436,NA1_4094024796
2437,NA1_4093125548
2438,NA1_4093151101
2439,NA1_4093039156
2440,NA1_4093036759
2441,NA1_4093050290
2442,NA1_4092958083
2443,NA1_4092909569
2444,NA1_4092028287
2445,NA1_4091967421
2446,NA1_4091964813
2447,NA1_4091949253
2448,NA1_4091847721
2449,NA1_4091871202
2450,NA1_4091813748
2451,NA1_4091729469
2452,NA1_4091028075
2453,NA1_4091035196
2454,NA1_4091041140
2455,NA1_4090810331
2456,NA1_4090726756
2457,NA1_4089634785
2458,NA1_4089642859
2459,NA1_4089592375
2460,NA1_4089526182
2461,NA1_4088717654
2462,NA1_4088676792
2463,NA1_4098710171
2464,NA1_4098666962
2465,NA1_4098662891
2466,NA1_4098546685
2467,NA1_4095233550
2468,NA1_4095221244
2469,NA1_4095087309
2470,NA1_4095043945
2471,NA1_4094946535
2472,NA1_4094904656
2473,NA1_4094323460
2474,NA1_4094270405
2475,NA1_4094235787
2476,NA1_4092630462
2477,NA1_4092536699
2478,NA1_4092571268
2479,NA1_4092516675
2480,NA1_4092462247
2481,NA1_4090517076
2482,NA1_4090449109
2483,NA1_4090466288
2484,NA1_4090434879
2485,NA1_4090462076
2486,NA1_4090379313
2487,NA1_4090417266
2488,NA1_4090385417
2489,NA1_4087835772
2490,NA1_4087831942
2491,NA1_4087778323
2492,NA1_4087727111
2493,NA1_4087722686
2494,NA1_4087648260
2495,NA1_4087607122
2496,NA1_4087611965
2497,NA1_4087557673
2498,NA1_4087535652
2499,NA1_4086572327
2500,NA1_4086551411
2501,NA1_4086545853
2502,NA1_4086514666
2503,NA1_4086532254
2504,NA1_4079750685
2505,NA1_4079649499
2506,NA1_4079657142
2507,NA1_4078094900
2508,NA1_4078092051
2509,NA1_4077823448
2510,NA1_4077665739
2511,NA1_4077683237
2512,NA1_4077681571
2513,NA1_4077679882
2514,NA1_4077648292
2515,NA1_4077597646
2516,NA1_4076047370
2517,NA1_4075926821
2518,NA1_4075860307
2519,NA1_4075795761
2520,NA1_4075763253
2521,NA1_4075751263
2522,NA1_4075632603
2523,NA1_4075661074
2524,NA1_4075579710
2525,NA1_4075029786
2526,NA1_4074947582
2527,NA1_4074964595
2528,NA1_4072525375
2529,NA1_4072512025
2530,NA1_4072007448
2531,NA1_4071720051
2532,NA1_4071635292
2533,NA1_4070598416
2534,NA1_4070624079
2535,NA1_4070621864
2536,NA1_4070292282
2537,NA1_4070339857
2538,NA1_4070277729
2539,NA1_4069507423
2540,NA1_4069504825
2541,NA1_4069473382
2542,NA1_4069489919
2543,NA1_4069446177
2544,NA1_4069423740
2545,NA1_4069421443
2546,NA1_4069318968
2547,NA1_4064851100
2548,NA1_4064209680
2549,NA1_4064254825
2550,NA1_4063951878
2551,NA1_4059681682
2552,NA1_4059616935
2553,NA1_4059591095
2554,NA1_4059459229
2555,NA1_4059210106
2556,NA1_4059114020
2557,NA1_4059066764
2558,NA1_4059018767
2559,NA1_4050051190
2560,NA1_4044242502
2561,NA1_4044191340
2562,NA1_4042672750
2563,NA1_4105345461
2564,NA1_4105284605
2565,NA1_4105301424
2566,NA1_4105168614
2567,NA1_4105185289
2568,NA1_4103976803
2569,NA1_4103950280
2570,NA1_4102935625
2571,NA1_4102911438
2572,NA1_4102856156
2573,NA1_4102840282
2574,NA1_4102743590
2575,NA1_4102716817
2576,NA1_4102441393
2577,NA1_4102317716
2578,NA1_4102315504
2579,NA1_4101532769
2580,NA1_4101467431
2581,NA1_4101433767
2582,NA1_4101409383
2583,NA1_4101376840
2584,NA1_4101029807
2585,NA1_4100985104
2586,NA1_4100962557
2587,NA1_4100160715
2588,NA1_4100134175
2589,NA1_4098725550
2590,NA1_4098165423
2591,NA1_4098133708
2592,NA1_4098150728
2593,NA1_4098074909
2594,NA1_4098071074
2595,NA1_4098037231
2596,NA1_4098032910
2597,NA1_4097939463
2598,NA1_4097926662
2599,NA1_4097922694
2600,NA1_4097908280
2601,NA1_4097748788
2602,NA1_4096756182
2603,NA1_4096721727
2604,NA1_4096705286
2605,NA1_4096700303
2606,NA1_4096387527
2607,NA1_4095733866
2608,NA1_4095690045
2609,NA1_4095603828
2610,NA1_4095596400
2611,NA1_4095563969
2612,NA1_4095550416
2613,NA1_4095524311
2614,NA1_4095462635
2615,NA1_4094281051
2616,NA1_4094256643
2617,NA1_4094241789
2618,NA1_4094001754
2619,NA1_4093967900
2620,NA1_4093974817
2621,NA1_4093933256
2622,NA1_4093920902
2623,NA1_4093857536
2624,NA1_4092055436
2625,NA1_4092073538
2626,NA1_4092042126
2627,NA1_4092070361
2628,NA1_4092008563
2629,NA1_4089129981
2630,NA1_4089046553
2631,NA1_4087724558
2632,NA1_4087711694
2633,NA1_4087648678
2634,NA1_4086825707
2635,NA1_4086823803
2636,NA1_4086674370
2637,NA1_4086614520
2638,NA1_4086600937
2639,NA1_4085954660
2640,NA1_4085951210
2641,NA1_4085635391
2642,NA1_4085582518
2643,NA1_4085528755
2644,NA1_4085440452
2645,NA1_4085406905
2646,NA1_4085423012
2647,NA1_4085061365
2648,NA1_4085030553
2649,NA1_4084977545
2650,NA1_4084951593
2651,NA1_4084915399
2652,NA1_4084883007
2653,NA1_4084868557
2654,NA1_4084169698
2655,NA1_4083043964
2656,NA1_4082990387
2657,NA1_4082915854
2658,NA1_4081437679
2659,NA1_4081046564
2660,NA1_4081032296
2661,NA1_4080959576
2662,NA1_4080965887
2663,NA1_4102855652
2664,NA1_4102860672
2665,NA1_4102803872
2666,NA1_4102439371
2667,NA1_4102443942
2668,NA1_4102318081
2669,NA1_4102255308
2670,NA1_4102309960
2671,NA1_4100382012
2672,NA1_4100167770
2673,NA1_4100200211
2674,NA1_4100133910
2675,NA1_4100068603
2676,NA1_4099521939
2677,NA1_4099127821
2678,NA1_4099150445
2679,NA1_4099093431
2680,NA1_4097863136
2681,NA1_4097805760
2682,NA1_4096745322
2683,NA1_4096342006
2684,NA1_4096245533
2685,NA1_4092887916
2686,NA1_4092900737
2687,NA1_4092703344
2688,NA1_4090836674
2689,NA1_4090810518
2690,NA1_4086706191
2691,NA1_4085724901
2692,NA1_4077224282
2693,NA1_4077117208
2694,NA1_4077159883
2695,NA1_4077087289
2696,NA1_4076166585
2697,NA1_4076046244
2698,NA1_4076040853
2699,NA1_4075906947
2700,NA1_4075188482
2701,NA1_4074669379
2702,NA1_4074399455
2703,NA1_4074404560
2704,NA1_4074399829
2705,NA1_4074300476
2706,NA1_4074253689
2707,NA1_4073446624
2708,NA1_4073411607
2709,NA1_4072348597
2710,NA1_4072381862
2711,NA1_4072254344
2712,NA1_4072184023
2713,NA1_4072179166
2714,NA1_4071486289
2715,NA1_4071500840
2716,NA1_4071414351
2717,NA1_4070654452
2718,NA1_4070558896
2719,NA1_4070343097
2720,NA1_4070331530
2721,NA1_4069817216
2722,NA1_4068963899
2723,NA1_4068938270
2724,NA1_4068932742
2725,NA1_4067738218
2726,NA1_4067702235
2727,NA1_4066269124
2728,NA1_4066294903
2729,NA1_4066272593
2730,NA1_4066103921
2731,NA1_4065926317
2732,NA1_4065911649
2733,NA1_4065784709
2734,NA1_4065633975
2735,NA1_4065116795
2736,NA1_4065174217
2737,NA1_4065151208
2738,NA1_4065108087
2739,NA1_4064326911
2740,NA1_4064324083
2741,NA1_4064208216
2742,NA1_4063174588
2743,NA1_4063146865
2744,NA1_4063111628
2745,NA1_4062973374
2746,NA1_4062897432
2747,NA1_4061776537
2748,NA1_4060051800
2749,NA1_4059937379
2750,NA1_4059914455
2751,NA1_4059910919
2752,NA1_4058366115
2753,NA1_4058266557
2754,NA1_4056326454
2755,NA1_4056301626
2756,NA1_4055590891
2757,NA1_4055522364
2758,NA1_4055390936
2759,NA1_4055362247
2760,NA1_4055293641
2761,NA1_4055242246
2762,NA1_4055145889
2763,NA1_4103614565
2764,NA1_4103579634
2765,NA1_4101975088
2766,NA1_4102020310
2767,NA1_4101372670
2768,NA1_4101294988
2769,NA1_4101209520
2770,NA1_4101204328
2771,NA1_4101168431
2772,NA1_4101143670
2773,NA1_4101141075
2774,NA1_4101074597
2775,NA1_4100946144
2776,NA1_4100943124
2777,NA1_4100909054
2778,NA1_4100905261
2779,NA1_4100913226
2780,NA1_4100870452
2781,NA1_4099221913
2782,NA1_4099162473
2783,NA1_4099076336
2784,NA1_4098967369
2785,NA1_4098989913
2786,NA1_4098951473
2787,NA1_4098856401
2788,NA1_4098840716
2789,NA1_4098740986
2790,NA1_4098673890
2791,NA1_4098660846
2792,NA1_4098558390
2793,NA1_4098584140
2794,NA1_4097011332
2795,NA1_4096943177
2796,NA1_4096894322
2797,NA1_4096393764
2798,NA1_4096256474
2799,NA1_4096300585
2800,NA1_4095615703
2801,NA1_4095499636
2802,NA1_4095464586
2803,NA1_4095398905
2804,NA1_4095387306
2805,NA1_4095361857
2806,NA1_4095276416
2807,NA1_4095202773
2808,NA1_4095117486
2809,NA1_4095140954
2810,NA1_4095095683
2811,NA1_4095050758
2812,NA1_4094855588
2813,NA1_4094861770
2814,NA1_4094817579
2815,NA1_4094784885
2816,NA1_4094811240
2817,NA1_4094738284
2818,NA1_4094716642
2819,NA1_4092672335
2820,NA1_4091925026
2821,NA1_4091575182
2822,NA1_4091540673
2823,NA1_4091472216
2824,NA1_4091408362
2825,NA1_4090972985
2826,NA1_4090898722
2827,NA1_4090842923
2828,NA1_4090825599
2829,NA1_4090729202
2830,NA1_4090567782
2831,NA1_4090583816
2832,NA1_4090497568
2833,NA1_4090503203
2834,NA1_4090486720
2835,NA1_4090473127
2836,NA1_4090418203
2837,NA1_4090354498
2838,NA1_4090319194
2839,NA1_4090335062
2840,NA1_4088755687
2841,NA1_4088734966
2842,NA1_4088721554
2843,NA1_4088696138
2844,NA1_4088710319
2845,NA1_4088613837
2846,NA1_4088580720
2847,NA1_4088515680
2848,NA1_4088350285
2849,NA1_4088257741
2850,NA1_4088235853
2851,NA1_4088209651
2852,NA1_4088197598
2853,NA1_4088185337
2854,NA1_4087912329
2855,NA1_4087889810
2856,NA1_4087636447
2857,NA1_4087548730
2858,NA1_4087461553
2859,NA1_4087451977
2860,NA1_4087326962
2861,NA1_4087168695
2862,NA1_4087202557
2863,NA1_4104101882
2864,NA1_4104066539
2865,NA1_4103936801
2866,NA1_4103916689
2867,NA1_4103910279
2868,NA1_4103843732
2869,NA1_4103765486
2870,NA1_4103730790
2871,NA1_4103657367
2872,NA1_4103680242
2873,NA1_4103585636
2874,NA1_4103589997
2875,NA1_4103446652
2876,NA1_4103481964
2877,NA1_4103397181
2878,NA1_4103107685
2879,NA1_4103095368
2880,NA1_4103100054
2881,NA1_4103064340
2882,NA1_4103070248
2883,NA1_4102966830
2884,NA1_4102939537
2885,NA1_4102895053
2886,NA1_4102731771
2887,NA1_4102642468
2888,NA1_4102576006
2889,NA1_4102469662
2890,NA1_4102424855
2891,NA1_4102081667
2892,NA1_4102025113
2893,NA1_4102011931
2894,NA1_4101694106
2895,NA1_4101688096
2896,NA1_4101527044
2897,NA1_4101477728
2898,NA1_4101441334
2899,NA1_4101323999
2900,NA1_4101269032
2901,NA1_4101261510
2902,NA1_4101072088
2903,NA1_4101057696
2904,NA1_4101014685
2905,NA1_4100931154
2906,NA1_4100489368
2907,NA1_4100452276
2908,NA1_4100404050
2909,NA1_4100261443
2910,NA1_4100202634
2911,NA1_4100063673
2912,NA1_4099937276
2913,NA1_4099858806
2914,NA1_4099238053
2915,NA1_4099157453
2916,NA1_4099105026
2917,NA1_4099062471
2918,NA1_4098607209
2919,NA1_4097324573
2920,NA1_4097008562
2921,NA1_4097052126
2922,NA1_4096998400
2923,NA1_4096829507
2924,NA1_4096840083
2925,NA1_4096762310
2926,NA1_4096685226
2927,NA1_4096347958
2928,NA1_4093871510
2929,NA1_4092851617
2930,NA1_4092605395
2931,NA1_4091868142
2932,NA1_4091801641
2933,NA1_4091695802
2934,NA1_4091677459
2935,NA1_4091670307
2936,NA1_4090610791
2937,NA1_4090506800
2938,NA1_4089158901
2939,NA1_4089193629
2940,NA1_4088489317
2941,NA1_4088481947
2942,NA1_4088379025
2943,NA1_4088316179
2944,NA1_4087646190
2945,NA1_4087631522
2946,NA1_4087547932
2947,NA1_4087498055
2948,NA1_4087436939
2949,NA1_4087452473
2950,NA1_4087409807
2951,NA1_4087355913
2952,NA1_4086413492
2953,NA1_4086276765
2954,NA1_4086292139
2955,NA1_4086197716
2956,NA1_4085748161
2957,NA1_4085704292
2958,NA1_4084901198
2959,NA1_4083884015
2960,NA1_4083778175
2961,NA1_4083754241
2962,NA1_4083718338
